INSERT INTO regions (id, name)
VALUES
(1, 'Africa'),
(2, 'Asia/Pacific'),
(3, 'Europe'),
(4, 'Latin America'),
(5, 'North America'),
(6, 'Middle East');

INSERT INTO clientes (nombre, apellido, email, created_at, region_id) 
VALUES 
('Eduardo', 'Cristóbal', 'unemail@gmail.com', '2019-12-16 16:50:12.646', 3),
('Jonh', 'Doe', 'johndoe@gmail.com', '2019-12-16 16:51:12.646', 5),
('Mary', 'Doe', 'marydoe@gmail.com', '2019-12-16 16:52:12.646', 5),
('Alex', 'Harrys', 'aharrys@gmail.com', '2020-01-30 23:52:12.646', 3),
('Tristana', 'Lol', 'adctrist@gmail.com', '2020-01-30 23:52:12.646', 3),
('Matt', 'John', 'mj@gmail.com', '2020-01-30 23:52:12.646', 5),
('Harry', 'Patt', 'patt@gmail.com', '2020-01-30 23:52:12.646', 3),
('Mark', 'Lenders', 'mlenders@gmail.com', '2020-01-30 23:52:12.646', 2),
('Tom', 'Jerry', 'jerryt@gmail.com', '2020-01-30 23:52:12.646', 5),
('Jony', 'Skinner', 'jskinner@gmail.com', '2020-01-30 23:52:12.646', 4),
('Paul', 'Golden', 'pgold@gmail.com', '2020-01-30 23:52:12.646', 2),
('Junior', 'Bann', 'jbann@gmail.com', '2020-01-30 23:52:12.646', 1),
('Junior', 'Bann', 'jbann1@gmail.com', '2020-01-30 23:52:12.646', 2),
('Junior', 'Bann', 'jbann2@gmail.com', '2020-01-30 23:52:12.646', 3),
('Junior', 'Bann', 'jbann3@gmail.com', '2020-01-30 23:52:12.646', 4),
('Junior', 'Bann', 'jbann4@gmail.com', '2020-01-30 23:52:12.646', 5),
('Junior', 'Bann', 'jbann5@gmail.com', '2020-01-30 23:52:12.646', 6),
('Junior', 'Bann', 'jbann6@gmail.com', '2020-01-30 23:52:12.646', 1),
('Junior', 'Bann', 'jbann7@gmail.com', '2020-01-30 23:52:12.646', 2),
('Junior', 'Bann', 'jban7n8@gmail.com', '2020-01-30 23:52:12.646', 3),
('Junior', 'Bann', 'jbann9@gmail.com', '2020-01-30 23:52:12.646', 4),
('Junior', 'Bann', 'jbanna11@gmail.com', '2020-01-30 23:52:12.646', 5),
('Junior', 'Bann', 'jban7n22q@gmail.com', '2020-01-30 23:52:12.646', 6),
('Junior', 'Bann', 'jba7nn33w@gmail.com', '2020-01-30 23:52:12.646', 1),
('Junior', 'Bann', 'jba7nn44e@gmail.com', '2020-01-30 23:52:12.646', 2),
('Junior', 'Bann', 'jba7n55nr@gmail.com', '2020-01-30 23:52:12.646', 3),
('Junior', 'Bann', 'jba777nnt@gmail.com', '2020-01-30 23:52:12.646', 4),
('Junior', 'Bann', 'jbann66y@gmail.com', '2020-01-30 23:52:12.646', 5),
('Junior', 'Bann', 'jb7an77nu@gmail.com', '2020-01-30 23:52:12.646', 6),
('Junior', 'Bann', 'jba7t88nni@gmail.com', '2020-01-30 23:52:12.646', 1),
('Junior', 'Bann', 'jban799no@gmail.com', '2020-01-30 23:52:12.646', 2),
('Junior', 'Bann', 'jbann12p@gmail.com', '2020-01-30 23:52:12.646', 3),
('Junior', 'Bann', 't@gma23il.com', '2020-01-30 23:52:12.646', 4),
('Junior', 'Bann', 'jbann34f@gmail.com', '2020-01-30 23:52:12.646', 5),
('Junior', 'Bann', 'jban45ng@gmail.com', '2020-01-30 23:52:12.646', 6),
('Junior', 'Bann', 'jba67n7nh@gmail.com', '2020-01-30 23:52:12.646', 1),
('Junior', 'Bann', 'jba87nnj@gmail.com', '2020-01-30 23:52:12.646', 2),
('Junior', 'Bann', 'jba98nnk@gmail.com', '2020-01-30 23:52:12.646', 3),
('Junior', 'Bann', 'jban90nl@gmail.com', '2020-01-30 23:52:12.646', 4),
('Junior', 'Bann', 'jba09nnñ@gmail.com', '2020-01-30 23:52:12.646', 5),
('Junior', 'Bann', 'jba987nnz@gmail.com', '2020-01-30 23:52:12.646', 6),
('Junior', 'Bann', 'jba87nnx@gmail.com', '2020-01-30 23:52:12.646', 1),
('Junior', 'Bann', 'jba76nnc@gmail.com', '2020-01-30 23:52:12.646', 2),
('Junior', 'Bann', 'jba65nnv@gmail.com', '2020-01-30 23:52:12.646', 3),
('Junior', 'Bann', 'jba54nnb@gmail.com', '2020-01-30 23:52:12.646', 4),
('Junior', 'Bann', 'jba437nnn@gmail.com', '2020-01-30 23:52:12.646', 5),
('Junior', 'Bann', 'jba32nnm@gmail.com', '2020-01-30 23:52:12.646', 6),
('Junior', 'Bann', 'jba21nnqq@gmail.com', '2020-01-30 23:52:12.646', 1),
('Junior', 'Bann', 'jbadnnwx@gmail.com', '2020-01-30 23:52:12.646', 2),
('Junior', 'Bann', 'jbangn6df@gmail.com', '2020-01-30 23:52:12.646', 3),
('Junior', 'Bann', 'jbasnnty@gmail.com', '2020-01-30 23:52:12.646', 4),
('Junior', 'Bann', 'jbasnnhj@gmail.com', '2020-01-30 23:52:12.646', 5),
('Junior', 'Bann', 'jbacnnkj@gmail.com', '2020-01-30 23:52:12.646', 6),
('Junior', 'Bann', 'jbagnn6lk@gmail.com', '2020-01-30 23:52:12.646', 1),
('Junior', 'Bann', 'jbafnnñl@gmail.com', '2020-01-30 23:52:12.646', 2),
('Junior', 'Bann', 'jbangnvo@gmail.com', '2020-01-30 23:52:12.646', 3),
('Junior', 'Bann', 'jbahnnyx@gmail.com', '2020-01-30 23:52:12.646', 4),
('Junior', 'Bann', 'jbasdnn6mq@gmail.com', '2020-01-30 23:52:12.646', 5),
('Junior', 'Bann', 'jbajnnql@gmail.com', '2020-01-30 23:52:12.646', 6),
('Junior', 'Bann', 'jbasnnkqt@gmail.com', '2020-01-30 23:52:12.646', 1),
('Junior', 'Bann', 'jbann5oqz@gmail.com', '2020-01-30 23:52:12.646', 2),
('Junior', 'Bann', 'jbannwqs@gmail.com', '2020-01-30 23:52:12.646', 3),
('Junior', 'Bann', 'jbannaev@gmail.com', '2020-01-30 23:52:12.646', 4),
('Junior', 'Bann', 'jba5nznrf@gmail.com', '2020-01-30 23:52:12.646', 5),
('Junior', 'Bann', 'jbanxnvf@gmail.com', '2020-01-30 23:52:12.646', 6),
('Junior', 'Bann', 'jbacnnty@gmail.com', '2020-01-30 23:52:12.646', 1),
('Junior', 'Bann', 'jbanvnsdfg@gmail.com', '2020-01-30 23:52:12.646', 2),
('Junior', 'Bann', 'jbanhngsdf@gmail.com', '2020-01-30 23:52:12.646', 3),
('Junior', 'Bann', 'jbanenddd@gmail.com', '2020-01-30 23:52:12.646', 4),
('Junior', 'Bann', 'jban25ngg@gmail.com', '2020-01-30 23:52:12.646', 5),
('Junior', 'Bann', 'jba3nnqq@gmail.com', '2020-01-30 23:52:12.646', 6),
('Junior', 'Bann', 'jban5nww@gmail.com', '2020-01-30 23:52:12.646', 1),
('Junior', 'Bann', 'jban63nee@gmail.com', '2020-01-30 23:52:12.646', 2),
('Junior', 'Bann', 'jban7n3rr@gmail.com', '2020-01-30 23:52:12.646', 3),
('Junior', 'Bann', 'jba8n5n3tt@gmail.com', '2020-01-30 23:52:12.646', 4),
('Junior', 'Bann', 'jba9nnyy@gmail.com', '2020-01-30 23:52:12.646', 5),
('Junior', 'Bann', 'jba0nnu3u@gmail.com', '2020-01-30 23:52:12.646', 6),
('Junior', 'Bann', 'jba1nnii@3gmail.com', '2020-01-30 23:52:12.646', 1),
('Junior', 'Bann', 'jbabnnuu@gmail.com', '2020-01-30 23:52:12.646', 2),
('Junior', 'Bann', 'jbafnniii3@gmail.com', '2020-01-30 23:52:12.646', 3),
('Junior', 'Bann', 'jbaddnn@g3ggmail.com', '2020-01-30 23:52:12.646', 4),
('Junior', 'Bann', 'jbadnnsdf3gg@gmail.com', '2020-01-30 23:52:12.646', 5),
('Junior', 'Bann', 'jbassnngd3fg@gmail.com', '2020-01-30 23:52:12.646', 6),
('Junior', 'Bann', 'jbanaansfdg3sdf@gmail.com', '2020-01-30 23:52:12.646', 1),
('Junior', 'Bann', 'jbannaasdfgs3dfg@gmail.com', '2020-01-30 23:52:12.646', 2);

INSERT INTO usuarios (username, password, enabled) 
VALUES 
('eduardo', '$2a$10$LhX3sOD9hJnO4HYwEdmKuOW3JYCh/CPFRYxW7R2whwetfIV/wZdqq', 1),
('admin', '$2a$10$8CmHTgDYdCgFC6VHahNGgugnIOY/LiC37L1jaK2vmu4MJUPzDKTlS', 1);

INSERT INTO roles (nombre) 
VALUES 
('ROLE_USER'),
('ROLE_ADMIN');

INSERT INTO usuarios_roles (usuario_id, role_id) 
VALUES 
(1, 1),
(2, 1),
(2, 2);

-- SELECT * FROM usuarios u LEFT JOIN usuarios_roles ur ON u.id = ur.usuario_id LEFT JOIN roles r ON ur.role_id = r.id;  -- see users & roles