INSERT INTO regions (id, name)
VALUES
(1, 'Africa'),
(2, 'Asia/Pacific'),
(3, 'Europe'),
(4, 'Latin America'),
(5, 'North America'),
(6, 'Middle East');

INSERT INTO clientes (nombre, apellido, email, created_at, region_id) 
VALUES 
('Eduardo', 'Cristóbal', 'edu_ce_1988@hotmail.com', '2019-12-16 16:50:12.646', 3),
('Jonh', 'Doe', 'johndoe@gmail.com', '2019-12-16 16:51:12.646', 5),
('Cris', 'Doe', 'crisdoe@gmail.com', '2019-12-16 16:52:12.646', 5),
('Alex', 'Harrys', 'aharrys@gmail.com', '2020-01-30 23:52:12.646', 3),
('Trist', 'Adec', 'adctrist@gmail.com', '2020-01-30 23:52:12.646', 3),
('Matt', 'John', 'mj@gmail.com', '2020-01-30 23:52:12.646', 5),
('Harry', 'Patt', 'patt@gmail.com', '2020-01-30 23:52:12.646', 3),
('Mark', 'Lend', 'mlenders@gmail.com', '2020-01-30 23:52:12.646', 2),
('Tom', 'Jerr', 'jerryt@gmail.com', '2020-01-30 23:52:12.646', 5),
('Jony', 'Skinner', 'jskinner@gmail.com', '2020-01-30 23:52:12.646', 4),
('Paul', 'Golden', 'pgold@gmail.com', '2020-01-30 23:52:12.646', 2),
('Juan', 'Banin', 'jbann@gmail.com', '2020-01-30 23:52:12.646', 1),
('Stein', 'Faann', 'jbann1@gmail.com', '2020-01-30 23:52:12.646', 2),
('Marc', 'Born', 'jbann2@gmail.com', '2020-01-30 23:52:12.646', 3),
('Rob', 'Bjarn', 'jbann3@gmail.com', '2020-01-30 23:52:12.646', 4),
('Rober', 'Bib', 'jbann4@gmail.com', '2020-01-30 23:52:12.646', 5),
('Victor', 'Webber', 'jbann5@gmail.com', '2020-01-30 23:52:12.646', 6),
('Guille', 'Rest', 'jbann6@gmail.com', '2020-01-30 23:52:12.646', 1),
('Agus', 'Dak', 'jbann7@gmail.com', '2020-01-30 23:52:12.646', 2),
('Paula', 'Roberts', 'jban7n8@gmail.com', '2020-01-30 23:52:12.646', 3),
('Javi', 'Weah', 'jbann9@gmail.com', '2020-01-30 23:52:12.646', 4),
('Myriam', 'Bang', 'jbanna11@gmail.com', '2020-01-30 23:52:12.646', 5),
('Angy', 'First', 'jban7n22q@gmail.com', '2020-01-30 23:52:12.646', 6),
('Gustav', 'Orange', 'jba7nn33w@gmail.com', '2020-01-30 23:52:12.646', 1),
('Carlos', 'Support', 'jba7nn44e@gmail.com', '2020-01-30 23:52:12.646', 2),
('Manuel', 'Age', 'jba7n55nr@gmail.com', '2020-01-30 23:52:12.646', 3),
('David', 'Happy', 'jba777nnt@gmail.com', '2020-01-30 23:52:12.646', 4),
('Jorge', 'Broth', 'jbann66y@gmail.com', '2020-01-30 23:52:12.646', 5),
('Ale', 'Only', 'jb7an77nu@gmail.com', '2020-01-30 23:52:12.646', 6),
('Diego', 'Rememb', 'jba7t88nni@gmail.com', '2020-01-30 23:52:12.646', 1),
('Alberto', 'Part', 'jban799no@gmail.com', '2020-01-30 23:52:12.646', 2),
('Doraemon', 'Nice', 'jbann12p@gmail.com', '2020-01-30 23:52:12.646', 3),
('Adri', 'Laugh', 't@gma23il.com', '2020-01-30 23:52:12.646', 4),
('Alberto', 'Futur', 'jbann34f@gmail.com', '2020-01-30 23:52:12.646', 5),
('Carlos', 'Past', 'jban45ng@gmail.com', '2020-01-30 23:52:12.646', 6),
('Pablo', 'Frake', 'jba67n7nh@gmail.com', '2020-01-30 23:52:12.646', 1),
('Rivaul', 'Vohn', 'jba87nnj@gmail.com', '2020-01-30 23:52:12.646', 2),
('David', 'Mc Nult', 'jba98nnk@gmail.com', '2020-01-30 23:52:12.646', 3),
('Ignacio', 'Rememb', 'jban90nl@gmail.com', '2020-01-30 23:52:12.646', 4),
('Joan', 'Terret', 'jba09nndddd@gmail.com', '2020-01-30 23:52:12.646', 5),
('David', 'Flanagan', 'jba987nnz@gmail.com', '2020-01-30 23:52:12.646', 6),
('Fer', 'Growth', 'jba87nnx@gmail.com', '2020-01-30 23:52:12.646', 1),
('Laura', 'Kind', 'jba76nnc@gmail.com', '2020-01-30 23:52:12.646', 2),
('Marta', 'Craz', 'jba65nnv@gmail.com', '2020-01-30 23:52:12.646', 3),
('Danny', 'Self', 'jba54nnb@gmail.com', '2020-01-30 23:52:12.646', 4),
('Jose', 'Fred', 'jba437nnn@gmail.com', '2020-01-30 23:52:12.646', 5),
('Carlos', 'Hard', 'jba32nnm@gmail.com', '2020-01-30 23:52:12.646', 6),
('Lux', 'Cont', 'jba21nnqq@gmail.com', '2020-01-30 23:52:12.646', 1),
('Jinx', 'Explos', 'jbadnnwx@gmail.com', '2020-01-30 23:52:12.646', 2),
('Lucian', 'Funnk', 'jbangn6df@gmail.com', '2020-01-30 23:52:12.646', 3),
('Alistar', 'Rock', 'jbasnnty@gmail.com', '2020-01-30 23:52:12.646', 4),
('Jony', 'Marak', 'jbasnnhj@gmail.com', '2020-01-30 23:52:12.646', 5),
('Omar', 'Danc', 'jbacnnkj@gmail.com', '2020-01-30 23:52:12.646', 6),
('Oli', 'Champ', 'jbagnn6lk@gmail.com', '2020-01-30 23:52:12.646', 1),
('Mark', 'Streng', 'jbafnnasdfasdf@gmail.com', '2020-01-30 23:52:12.646', 2),
('Sivir', 'Lear', 'jbangnvo@gmail.com', '2020-01-30 23:52:12.646', 3),
('Ashe', 'Bann', 'jbahnnyx@gmail.com', '2020-01-30 23:52:12.646', 4),
('Ander', 'Ground', 'jbasdnn6mq@gmail.com', '2020-01-30 23:52:12.646', 5),
('Javi', 'Birs', 'jbajnnql@gmail.com', '2020-01-30 23:52:12.646', 6),
('Alex', 'Smell', 'jbasnnkqt@gmail.com', '2020-01-30 23:52:12.646', 1),
('Never', 'Virtual', 'jbann5oqz@gmail.com', '2020-01-30 23:52:12.646', 2),
('Shawn', 'Bye', 'jbannwqs@gmail.com', '2020-01-30 23:52:12.646', 3),
('Bart', 'Simpson', 'jbannaev@gmail.com', '2020-01-30 23:52:12.646', 4),
('Homer', 'Simpson', 'jba5nznrf@gmail.com', '2020-01-30 23:52:12.646', 5),
('Lisa', 'Simpson', 'jbanxnvf@gmail.com', '2020-01-30 23:52:12.646', 6),
('Marge', 'Simpson', 'jbacnnty@gmail.com', '2020-01-30 23:52:12.646', 1),
('Steve', 'Capt', 'jbanvnsdfg@gmail.com', '2020-01-30 23:52:12.646', 2),
('Roger', 'Contint', 'jbanhngsdf@gmail.com', '2020-01-30 23:52:12.646', 3),
('Rafa', 'Winr', 'jbanenddd@gmail.com', '2020-01-30 23:52:12.646', 4),
('Marcos', 'Overmars', 'jban25ngg@gmail.com', '2020-01-30 23:52:12.646', 5),
('Alberto', 'Ace', 'jba3nnqq@gmail.com', '2020-01-30 23:52:12.646', 6),
('Alen', 'Peternac', 'jban5nww@gmail.com', '2020-01-30 23:52:12.646', 1),
('Victor', 'Fernandez', 'jban63nee@gmail.com', '2020-01-30 23:52:12.646', 2),
('John', 'Ascit', 'jban7n3rr@gmail.com', '2020-01-30 23:52:12.646', 3),
('Juanma', 'Chrismore', 'jba8n5n3tt@gmail.com', '2020-01-30 23:52:12.646', 4),
('Juanpe', 'Beach', 'jba9nnyy@gmail.com', '2020-01-30 23:52:12.646', 5),
('Ismael', 'Cry', 'jba0nnu3u@gmail.com', '2020-01-30 23:52:12.646', 6),
('Miguel', 'Sern', 'jba1nnii@3gmail.com', '2020-01-30 23:52:12.646', 1),
('Marta', 'Time', 'jbabnnuu@gmail.com', '2020-01-30 23:52:12.646', 2),
('Vicent', 'More', 'jbafnniii3@gmail.com', '2020-01-30 23:52:12.646', 3),
('Samanta', 'Goes', 'jbaddnn@g3ggmail.com', '2020-01-30 23:52:12.646', 4),
('Elsa', 'Sur', 'jbadnnsdf3gg@gmail.com', '2020-01-30 23:52:12.646', 5),
('Lucia', 'Name', 'jbassnngd3fg@gmail.com', '2020-01-30 23:52:12.646', 6),
('Inma', 'Smith', 'jbanaansfdg3sdf@gmail.com', '2020-01-30 23:52:12.646', 1),
('Kobe', 'Legend', 'jbannaasdfgs3dfg@gmail.com', '2020-01-30 23:52:12.646', 2);

INSERT INTO usuarios (username, password, enabled) 
VALUES 
('eduardo', '$2a$10$LhX3sOD9hJnO4HYwEdmKuOW3JYCh/CPFRYxW7R2whwetfIV/wZdqq', 1),
('admin', '$2a$10$8CmHTgDYdCgFC6VHahNGgugnIOY/LiC37L1jaK2vmu4MJUPzDKTlS', 1);

INSERT INTO roles (nombre) 
VALUES 
('ROLE_USER'),
('ROLE_ADMIN');

INSERT INTO usuarios_roles (usuario_id, role_id) 
VALUES 
(1, 1),
(2, 1),
(2, 2);

-- SELECT * FROM usuarios u LEFT JOIN usuarios_roles ur ON u.id = ur.usuario_id LEFT JOIN roles r ON ur.role_id = r.id;  -- see users & roles

/* Populate tabla productos */
INSERT INTO productos (nombre, precio, created_at) 
VALUES
('Panasonic Pantalla LCD', 259990, NOW()),
('Sony Camara digital DSC-W320B', 123490, NOW()),
('Apple iPod shuffle', 1499990, NOW()),
('Sony Notebook Z110', 37990, NOW()),
('Hewlett Packard Multifuncional F2280', 69990, NOW()),
('Bianchi Bicicleta Aro 26', 69990, NOW()),
('Mica Comoda 5 Cajones', 299990, NOW());

/* Creamos algunas facturas */
INSERT INTO facturas (descripcion, observacion, cliente_id, created_at) 
VALUES
('Factura equipos de oficina', null, 1, NOW()),
('Factura Bicicleta', 'Alguna nota importante!', 1, NOW());

INSERT INTO facturas_items (cantidad, factura_id, producto_id) 
VALUES
(1, 1, 1),
(2, 1, 4),
(1, 1, 5),
(1, 1, 7),
(3, 2, 6);