INSERT INTO regions (id, name)
VALUES
(1, 'Africa'),
(2, 'Asia/Pacific'),
(3, 'Europe'),
(4, 'Latin America'),
(5, 'North America'),
(6, 'Middle East');

INSERT INTO clientes (nombre, apellido, email, created_at, region_id) 
VALUES 
('Eduardo', 'Cristóbal', 'unemail@gmail.com', '2019-12-16 16:50:12.646', 3),
('Jonh', 'Doe', 'johndoe@gmail.com', '2019-12-16 16:51:12.646', 5),
('Mary', 'Doe', 'marydoe@gmail.com', '2019-12-16 16:52:12.646', 5),
('Alex', 'Harrys', 'aharrys@gmail.com', '2020-01-30 23:52:12.646', 3),
('Tristana', 'Lol', 'adctrist@gmail.com', '2020-01-30 23:52:12.646', 3),
('Matt', 'John', 'mj@gmail.com', '2020-01-30 23:52:12.646', 5),
('Harry', 'Patt', 'patt@gmail.com', '2020-01-30 23:52:12.646', 3),
('Mark', 'Lenders', 'mlenders@gmail.com', '2020-01-30 23:52:12.646', 2),
('Tom', 'Jerry', 'jerryt@gmail.com', '2020-01-30 23:52:12.646', 5),
('Jony', 'Skinner', 'jskinner@gmail.com', '2020-01-30 23:52:12.646', 4),
('Paul', 'Golden', 'pgold@gmail.com', '2020-01-30 23:52:12.646', 2),
('Juan', 'Bann', 'jbann@gmail.com', '2020-01-30 23:52:12.646', 1),
('Stein', 'Bann', 'jbann1@gmail.com', '2020-01-30 23:52:12.646', 2),
('Marc', 'Bann', 'jbann2@gmail.com', '2020-01-30 23:52:12.646', 3),
('Rob', 'Bann', 'jbann3@gmail.com', '2020-01-30 23:52:12.646', 4),
('Rober', 'Bann', 'jbann4@gmail.com', '2020-01-30 23:52:12.646', 5),
('Victor', 'Bann', 'jbann5@gmail.com', '2020-01-30 23:52:12.646', 6),
('Guille', 'Bann', 'jbann6@gmail.com', '2020-01-30 23:52:12.646', 1),
('Agus', 'Bann', 'jbann7@gmail.com', '2020-01-30 23:52:12.646', 2),
('Paula', 'Bann', 'jban7n8@gmail.com', '2020-01-30 23:52:12.646', 3),
('Javi', 'Bann', 'jbann9@gmail.com', '2020-01-30 23:52:12.646', 4),
('Myriam', 'Bann', 'jbanna11@gmail.com', '2020-01-30 23:52:12.646', 5),
('Angy', 'Bann', 'jban7n22q@gmail.com', '2020-01-30 23:52:12.646', 6),
('Gustav', 'Bann', 'jba7nn33w@gmail.com', '2020-01-30 23:52:12.646', 1),
('Carlos', 'Bann', 'jba7nn44e@gmail.com', '2020-01-30 23:52:12.646', 2),
('Manuel', 'Bann', 'jba7n55nr@gmail.com', '2020-01-30 23:52:12.646', 3),
('David', 'Bann', 'jba777nnt@gmail.com', '2020-01-30 23:52:12.646', 4),
('Jorge', 'Bann', 'jbann66y@gmail.com', '2020-01-30 23:52:12.646', 5),
('Ale', 'Bann', 'jb7an77nu@gmail.com', '2020-01-30 23:52:12.646', 6),
('Diego', 'Bann', 'jba7t88nni@gmail.com', '2020-01-30 23:52:12.646', 1),
('Alberto', 'Bann', 'jban799no@gmail.com', '2020-01-30 23:52:12.646', 2),
('Doraemon', 'Bann', 'jbann12p@gmail.com', '2020-01-30 23:52:12.646', 3),
('Adri', 'Bann', 't@gma23il.com', '2020-01-30 23:52:12.646', 4),
('Alberto', 'Bann', 'jbann34f@gmail.com', '2020-01-30 23:52:12.646', 5),
('Carlos', 'Bann', 'jban45ng@gmail.com', '2020-01-30 23:52:12.646', 6),
('Pablo', 'Bann', 'jba67n7nh@gmail.com', '2020-01-30 23:52:12.646', 1),
('RC', 'Bann', 'jba87nnj@gmail.com', '2020-01-30 23:52:12.646', 2),
('David', 'Bann', 'jba98nnk@gmail.com', '2020-01-30 23:52:12.646', 3),
('Ignacio', 'Bann', 'jban90nl@gmail.com', '2020-01-30 23:52:12.646', 4),
('Joan', 'Bann', 'jba09nnñ@gmail.com', '2020-01-30 23:52:12.646', 5),
('David', 'Bann', 'jba987nnz@gmail.com', '2020-01-30 23:52:12.646', 6),
('Fer', 'Bann', 'jba87nnx@gmail.com', '2020-01-30 23:52:12.646', 1),
('Laura', 'Bann', 'jba76nnc@gmail.com', '2020-01-30 23:52:12.646', 2),
('Marta', 'Bann', 'jba65nnv@gmail.com', '2020-01-30 23:52:12.646', 3),
('Dani', 'Bann', 'jba54nnb@gmail.com', '2020-01-30 23:52:12.646', 4),
('Jose', 'Bann', 'jba437nnn@gmail.com', '2020-01-30 23:52:12.646', 5),
('Carlos', 'Bann', 'jba32nnm@gmail.com', '2020-01-30 23:52:12.646', 6),
('Lux', 'Bann', 'jba21nnqq@gmail.com', '2020-01-30 23:52:12.646', 1),
('Jinx', 'Bann', 'jbadnnwx@gmail.com', '2020-01-30 23:52:12.646', 2),
('Lucian', 'Bann', 'jbangn6df@gmail.com', '2020-01-30 23:52:12.646', 3),
('Alistar', 'Bann', 'jbasnnty@gmail.com', '2020-01-30 23:52:12.646', 4),
('Jony', 'Bann', 'jbasnnhj@gmail.com', '2020-01-30 23:52:12.646', 5),
('Omar', 'Bann', 'jbacnnkj@gmail.com', '2020-01-30 23:52:12.646', 6),
('Oli', 'Bann', 'jbagnn6lk@gmail.com', '2020-01-30 23:52:12.646', 1),
('Mark', 'Bann', 'jbafnnñl@gmail.com', '2020-01-30 23:52:12.646', 2),
('Sivir', 'Bann', 'jbangnvo@gmail.com', '2020-01-30 23:52:12.646', 3),
('Ashe', 'Bann', 'jbahnnyx@gmail.com', '2020-01-30 23:52:12.646', 4),
('Ander', 'Bann', 'jbasdnn6mq@gmail.com', '2020-01-30 23:52:12.646', 5),
('Javi', 'Bann', 'jbajnnql@gmail.com', '2020-01-30 23:52:12.646', 6),
('Alex', 'Bann', 'jbasnnkqt@gmail.com', '2020-01-30 23:52:12.646', 1),
('Never', 'Bann', 'jbann5oqz@gmail.com', '2020-01-30 23:52:12.646', 2),
('Shawn', 'Bann', 'jbannwqs@gmail.com', '2020-01-30 23:52:12.646', 3),
('Bart', 'Bann', 'jbannaev@gmail.com', '2020-01-30 23:52:12.646', 4),
('Homer', 'Bann', 'jba5nznrf@gmail.com', '2020-01-30 23:52:12.646', 5),
('Lisa', 'Bann', 'jbanxnvf@gmail.com', '2020-01-30 23:52:12.646', 6),
('Marge', 'Bann', 'jbacnnty@gmail.com', '2020-01-30 23:52:12.646', 1),
('Steve', 'Bann', 'jbanvnsdfg@gmail.com', '2020-01-30 23:52:12.646', 2),
('Roger', 'Bann', 'jbanhngsdf@gmail.com', '2020-01-30 23:52:12.646', 3),
('Rafa', 'Bann', 'jbanenddd@gmail.com', '2020-01-30 23:52:12.646', 4),
('Marcos', 'Bann', 'jban25ngg@gmail.com', '2020-01-30 23:52:12.646', 5),
('Alberto', 'Bann', 'jba3nnqq@gmail.com', '2020-01-30 23:52:12.646', 6),
('Alen', 'Bann', 'jban5nww@gmail.com', '2020-01-30 23:52:12.646', 1),
('Victor', 'Bann', 'jban63nee@gmail.com', '2020-01-30 23:52:12.646', 2),
('John', 'Bann', 'jban7n3rr@gmail.com', '2020-01-30 23:52:12.646', 3),
('Juanma', 'Bann', 'jba8n5n3tt@gmail.com', '2020-01-30 23:52:12.646', 4),
('Juanpe', 'Bann', 'jba9nnyy@gmail.com', '2020-01-30 23:52:12.646', 5),
('Ismael', 'Bann', 'jba0nnu3u@gmail.com', '2020-01-30 23:52:12.646', 6),
('Miguel', 'Bann', 'jba1nnii@3gmail.com', '2020-01-30 23:52:12.646', 1),
('Marta', 'Bann', 'jbabnnuu@gmail.com', '2020-01-30 23:52:12.646', 2),
('Vicente', 'Bann', 'jbafnniii3@gmail.com', '2020-01-30 23:52:12.646', 3),
('Samanta', 'Bann', 'jbaddnn@g3ggmail.com', '2020-01-30 23:52:12.646', 4),
('Elsa', 'Bann', 'jbadnnsdf3gg@gmail.com', '2020-01-30 23:52:12.646', 5),
('Lucia', 'Bann', 'jbassnngd3fg@gmail.com', '2020-01-30 23:52:12.646', 6),
('Inma', 'Bann', 'jbanaansfdg3sdf@gmail.com', '2020-01-30 23:52:12.646', 1),
('Kobe', 'Bann', 'jbannaasdfgs3dfg@gmail.com', '2020-01-30 23:52:12.646', 2);

INSERT INTO usuarios (username, password, enabled) 
VALUES 
('eduardo', '$2a$10$LhX3sOD9hJnO4HYwEdmKuOW3JYCh/CPFRYxW7R2whwetfIV/wZdqq', 1),
('admin', '$2a$10$8CmHTgDYdCgFC6VHahNGgugnIOY/LiC37L1jaK2vmu4MJUPzDKTlS', 1);

INSERT INTO roles (nombre) 
VALUES 
('ROLE_USER'),
('ROLE_ADMIN');

INSERT INTO usuarios_roles (usuario_id, role_id) 
VALUES 
(1, 1),
(2, 1),
(2, 2);

-- SELECT * FROM usuarios u LEFT JOIN usuarios_roles ur ON u.id = ur.usuario_id LEFT JOIN roles r ON ur.role_id = r.id;  -- see users & roles

/* Populate tabla productos */
INSERT INTO productos (nombre, precio, created_at) 
VALUES
('Panasonic Pantalla LCD', 259990, NOW()),
('Sony Camara digital DSC-W320B', 123490, NOW()),
('Apple iPod shuffle', 1499990, NOW()),
('Sony Notebook Z110', 37990, NOW()),
('Hewlett Packard Multifuncional F2280', 69990, NOW()),
('Bianchi Bicicleta Aro 26', 69990, NOW()),
('Mica Comoda 5 Cajones', 299990, NOW());

/* Creamos algunas facturas */
INSERT INTO facturas (descripcion, observacion, cliente_id, created_at) 
VALUES
('Factura equipos de oficina', null, 1, NOW()),
('Factura Bicicleta', 'Alguna nota importante!', 1, NOW());

INSERT INTO facturas_items (cantidad, factura_id, producto_id) 
VALUES
(1, 1, 1),
(2, 1, 4),
(1, 1, 5),
(1, 1, 7),
(3, 2, 6);